trainer_id,first_name,last_name,trainer_description,worked_hours,salary
1,Laura,Martínez,"Experienced volleyball coach",1.75,2800.00
2,Luis,García,"Experienced basketball coach",2.50,2750.00
3,Valentina,Flores,"Novice volleyball assistant",2.50,1800.00
4,Ricardo,Jiménez,"Experienced futsal coach",2.25,2900.00
5,Martina,López,"Experienced curling coach",1.25,2700.00
6,Andrés,Ramírez,"Novice basketball assistant",1.50,1900.00
7,Pedro,Castro,"Novice curling coach",0.00,2000.00
8,Elena,Sánchez,"Experienced futsal coach",0.00,2800.00
